<?xml version="1.0" encoding="UTF-8"?>
<!--
        *** GENERATED FROM jax-ws.xml - DO NOT EDIT !                             ***
        *** TO MODIFY wsimport options USE Web Service node -> Edit WS Attributes ***
        *** TO CHANGE TARGETS GENERATED TO jaxws-build.xml COPY THOSE             ***
        *** TARGETS TO ../build.xml AND MODIFY THAT FILE INSTEAD                  ***

        -->
<project xmlns:xalan="http://xml.apache.org/xslt" xmlns:webproject2="http://www.netbeans.org/ns/web-project/2" xmlns:jaxws="http://www.netbeans.org/ns/jax-ws/1">
    <!--
                ===================
                JAX-WS WSGEN SECTION
                ===================
            -->
    <!--
                ===================
                JAX-WS WSIMPORT SECTION
                ===================
            -->
    <target name="wsimport-init" depends="init">
        <mkdir dir="${build.generated.sources.dir}/jax-ws"/>
        <taskdef name="wsimport" classname="com.sun.tools.ws.ant.WsImport">
            <classpath path="${java.home}/../lib/tools.jar:${j2ee.platform.wsimport.classpath}:${javac.classpath}"/>
        </taskdef>
        <condition property="conf-dir" value="${conf.dir}/" else="">
            <isset property="conf.dir"/>
        </condition>
    </target>
    <target name="wsimport-client-HelloService" depends="wsimport-init">
        <mkdir dir="${build.generated.dir}/jax-wsCache/HelloService"/>
        <wsimport sourcedestdir="${build.generated.dir}/jax-wsCache/HelloService" destdir="${build.generated.dir}/jax-wsCache/HelloService" wsdl="${basedir}/${conf-dir}xml-resources/web-service-references/HelloService/wsdl/localhost_8080/helloservice/HelloService.wsdl" catalog="catalog.xml" extension="true" verbose="true" wsdlLocation="http://localhost:8080/helloservice/HelloService?wsdl" xnocompile="true" xendorsed="true">
            <depends file="${basedir}/${conf-dir}xml-resources/web-service-references/HelloService/wsdl/localhost_8080/helloservice/HelloService.wsdl"/>
            <produces dir="${build.generated.dir}/jax-wsCache/HelloService"/>
        </wsimport>
        <copy todir="${build.generated.sources.dir}/jax-ws">
            <fileset dir="${build.generated.dir}/jax-wsCache/HelloService">
                <include name="**/*.java"/>
            </fileset>
        </copy>
    </target>
    <target name="wsimport-client-clean-HelloService" depends="-init-project">
        <delete dir="${build.generated.sources.dir}/jax-ws/helloservice/endpoint"/>
        <delete dir="${build.generated.dir}/jax-wsCache/HelloService"/>
    </target>
    <target name="wsimport-client-generate" depends="wsimport-client-HelloService"/>
</project>
