<?xml version="1.0" encoding="UTF-8"?>

<!-- Copyright 2005-2006 Sun Microsystems, Inc.  All rights reserved.  You may not modify, use, reproduce, or distribute this software except in compliance with the terms of the License at: 
 http://developer.sun.com/berkeley_license.html
 $Id: common-properties.xml,v 1.4 2006/04/12 17:20:13 ie139813 Exp $ -->


<!-- common-properties.xml: Handling of various properties for the project. 
     This file is not meant to be included directly. 
     This file automatically sets the following properties: 
       build.dir, build.classes.dir
     To change the value of these properties for your project, you need to set them
     BEFORE you include this file. You can do that by defining the property in 
     <user.home>/bpcatalog.properties, build.properties, <root.dir>/build.properties
     or in the build.xml file.
     @Author Inderjeet Singh  -->
<project name="common-properties" default="dummy-default">

  <!-- include common properties -->
  <property file="${ant.file.common-properties}/../build.properties"/>

  <!-- include netbeans properties -->
  <property file="nbproject/project.properties"/>

  <!-- include user specific build properties -->
  <property file="${user.home}/build.properties"/>

  <!-- include common properties -->
  <property file="${ant.file.common-properties}/../common.properties"/>

  <!-- include database properties -->
  <property file="${ant.file.common-properties}/../${database}.properties"/>

  <target name="dummy-default"/>
</project>
