<?xml version="1.0" encoding="UTF-8"?>

<!-- Copyright 2005-2006 Sun Microsystems, Inc.  All rights reserved.  You may not modify, use, reproduce, or distribute this software except in compliance with the terms of the License at: 
 http://developer.sun.com/berkeley_license.html
 $Id: java-client-ant.xml,v 1.1 2006/03/07 20:41:27 ie139813 Exp $ -->


<!-- java-client-ant.xml: contains targets for projects that produce 
     java client module. This file is not meant to be included 
     in a project directly.
     This file should only be included if this project is defining 
     is.java-client.module property.
     @Author Sreenivas Munnangi  -->

<project name="java-client-ant" default="dummy-default">

    <property name="app.module" value="${build.dir}/${module.name}-java-client.jar"/>
    <property name="java-client.build.dir" value="${build.dir}/java-client"/>

    <target name="-pre-clean">
    </target>

    <target name="package" depends="-post-compile"
    description="packages the archive">
        <mkdir dir="${java-client.build.dir}"/>

    <!-- copy in the compiled classes -->
        <copy todir="${java-client.build.dir}">
            <fileset dir="${build.classes.dir}"/>
        </copy>
    
        <manifest file="${src.conf}/MANIFEST.MF" mode="update">
            <attribute name="Main-Class" value="${main.class}"/>
        </manifest>

        <delete file="${app.module}"/>
        <jar jarfile="${app.module}" basedir="${java-client.build.dir}"/>
        <delete dir="${java-client.build.dir}"/>
    </target>

    <target name="runjavaclient"
    description="run stand-alone java client">
        <java  fork="on"
        failonerror="true"
        classname="${main.class}">
            <classpath refid="classpath"/>
        </java>
    </target>

    <target name="run-java-client" depends="runjavaclient"/>

    <target name="dummy-default"/>

</project>
