<?xml version="1.0" encoding="UTF-8"?>

<!-- Copyright 2005-2006 Sun Microsystems, Inc.  All rights reserved.  You may not modify, use, reproduce, or distribute this software except in compliance with the terms of the License at: 
 http://developer.sun.com/berkeley_license.html
 $Id: main.xml,v 1.3 2007/07/11 20:42:55 ie139813 Exp $ -->


<!-- main.xml: this is the file that should be included by the project 
     build files. It will figure out whether it is running from inside Netbeans
     or command line and include appropriate tasks. 
@Author: Inderjeet Singh -->
<project name="main" default="dummy-default">
    
    <property file="build.properties"/>
    <property value="1.6" name="default.javac.source"/>
    <property value="1.6" name="default.javac.target"/>
    
    <condition property="common-ant-tasks-file" 
               value="${ant.file}/../nbproject/build-impl.xml"
               else="${ant.file.main}/../command-line-ant-tasks.xml">
        <and>
            <isset property="netbeans.home"/>
            <available file="${ant.file}/../nbproject/build-impl.xml"/>
        </and>
    </condition>
    
    <dirname property="bp-project.dir" file="${ant.file.main}" />
    
    <import file="${common-ant-tasks-file}"/>

    <import file="${ant.file.main}/../persistence-ant.xml" />
    
    <target name="dummy-default"/>
</project>
